OriginalIndex,Identifier,Coordinate,Family,Common_Name,SubCellular,SubOrganellar,IntensityDiff,SigmaValue,AlphaValue,ReferenceColor,ControlColor
7937,AT2G41900,p06-r06-c18,C3H,OXS2,Nucleus,Chromosome,-50.0,-5.43601782993999,0.00022921793609698057,redish,whiteish
7703,EV,p06-r01-c24,EV,EV,-,-,-47.53124999999993,-5.167614449586695,0.0003350410084724118,redish,whiteish
7776,EV,p06-r03-c01,EV,EV,-,-,40.3125,4.382789375389117,0.9989834567280605,whiteish,redish
7700,AT1G66340,p06-r01-c21,Orphans,ETR,Endoplasmic,Endoplasmic reticulum membrane,-29.374999999999925,-3.1936604750897364,0.005463502900609641,redish,whiteish
7972,EV,p06-r07-c05,EV,EV,-,-,-27.75,-3.0169898956166947,0.007014223881899334,redish,whiteish
8409,EV,p06-r16-c10,EV,EV,-,-,-27.5,-2.9898098064669947,0.007289088626035001,redish,whiteish
8422,EV,p06-r16-c23,EV,EV,-,-,22.82999094018831,2.482084756164642,0.9850545011640598,whiteish,redish
7790,EV,p06-r03-c15,EV,EV,-,-,22.25,2.419027934323296,0.9836604918836073,whiteish,redish
